metric,original,randomized_baseline,difference
mean_similarity,0.4077053964138031,0.3992336690425873,0.00847172737121582
std_similarity,0.12873712182044983,0.13149704039096832,-0.0027599185705184937
max_similarity,0.869888186454773,0.8785066604614258,-0.008618474006652832
min_similarity,0.18902233242988586,0.19431902468204498,-0.005296692252159119
