metric,value
original_mean,0.4077053964138031
randomized_mean,0.40561353623867036
randomized_std,0.005888024290327742
randomized_min,0.3947252929210663
randomized_max,0.42371290922164917
